_id,name,gender,academics
5d60098a653a331687083238,Nivesh Singh Chauhan,male,undergraduate
5d610ae1653a331687083239,Gaurav Sharma,male,graduate
5d618359fc5fcf3bdd9a0910,Akshay Mishra,male,undergraduate
5d6d2bb87fa40e1417a49315,Saksham Mathur,male,undergraduate
5d7c994d5720533e15c3b1e9,Varun Chowhan,male,undergraduate
5d90fc1a641ef364939fb6cc,Boshi Kaviya,female,graduate
5d9a2982979d5962253c2f81,Nischaya Sharma,male,undergraduate
5de50d768eab6401affbb135,thesocialcomment,male,graduate
5ded443342a8854bf6eaba9a,MAAZ AHMAD RABBANI,male,undergraduate
5deeef6142a8854bf6eabab9,siddharth saxena,male,undergraduate
5defd51362624b0135ea9fd2,BHASKAR MISHRA,male,undergraduate
5df11ee1ee4bb5252b4f5344,hritik chaturvedi,male,undergraduate
5df20f1fee4bb5252b4f5351,Aryan Malakar,male,undergraduate
5df24eeaee4bb5252b4f5366,Parvez Khan,male,undergraduate
5df3f8f2ee4bb5252b4f5393,Angelina Christi,female,undergraduate
5df49b32cc709107827fb3c7,Niriksha Sharma,female,undergraduate
5e0d5ce12a37d20505da2a5d,Nimish Sharma,male,undergraduate
5e1ef04c2a37d20505da2b8b,Rashi Jain,female,undergraduate
5e26bb482a37d20505da2c10,Nachiket Khatri,male,undergraduate
5e3563348d344822fed4d13a,Ojasvi Arya,male,undergraduate
5e35a5ed8d344822fed4d13e,Sneha Shekhawat,female,graduate
5e365e758d344822fed4d144,Nikhil Sharma,male,graduate
5e37b16ceab55d319938a6f8,Utkarsh Saini,male,graduate
5e4195c3eab55d319938a82c,Arunav Moitra,male,graduate
5e4ce251f5561b1994c8e40d,Tarini Prasad Ray,male,graduate
5e5855ced701ab08af792b51,Isis Amador,female,undergraduate
5e5af599d701ab08af792b63,Ilupeju Ayokunnumi,female,graduate
5e5b4511d701ab08af792b6d,Aanjan Prasath G,male,undergraduate
5e5dfbbefbc8805f69e02c91,Prakasika.m.p,female,undergraduate
5e783375cfc8b713f5ac7c5b,Bhargav Prakash,male,undergraduate
5e78ce84cfc8b713f5ac7cee,Fauziya Shaikh,female,undergraduate
5e7b30a6cfc8b713f5ac7d95,P. Gayatri,female,undergraduate
5e7cf05bcfc8b713f5ac7db7,Muskan Assudani,female,undergraduate
5e7dde87a3258347b42f2108,WAEL Onsy,male,graduate
5e7de336a3258347b42f210e,Suman Ray,female,graduate
5e7def80a3258347b42f2124,Massimo Puppo,male,undergraduate
5e7f4ad1a3258347b42f2155,KSHITIJ ANAND,male,undergraduate
5e822b86a3258347b42f2360,Rossend Bonàs MIró,male,graduate
5e8309c4a3258347b42f23f4,Lipika Moharana,female,graduate
5e840a75a3258347b42f2437,Vipul S Redey,male,graduate
5e8437f6a3258347b42f243d,Shivani Gaba,female,graduate
5e8447a7a3258347b42f2446,Udita Somani,female,undergraduate
5e845fbaa3258347b42f2450,Shriya Kataria,female,undergraduate
5e880f02a3258347b42f252c,Keshant Sharma,male,graduate
5e88156ca3258347b42f2542,Harshita,female,undergraduate
5e899be7a3258347b42f25d0,Srinidhi A,female,undergraduate
5e8cbd92a3258347b42f2699,Ayush sharma,male,graduate
5e901d01a3258347b42f270f,Soumya Kumar,male,graduate
5e902793a3258347b42f2733,Arup,male,graduate
5e92e380a3258347b42f278c,SHUBHAM KUMAR,male,undergraduate
5e93471ea3258347b42f279f,Smriti,female,undergraduate
5e93d7d5a3258347b42f27e4,Nihal Singh Shekhawat,male,graduate
5e941316a3258347b42f27f4,Akshra Mathur,female,undergraduate
5e94248aa3258347b42f2804,Aleena Francis,female,undergraduate
5e942f7ba3258347b42f280e,Aayushree Khokhar,female,undergraduate
5e954e9aa3258347b42f295a,Sumit Gangwani,male,undergraduate
5e958e73a3258347b42f29a1,Pratishtha Bhelonde,female,undergraduate
5e9595dba3258347b42f29aa,Neha Malik,female,graduate
5e95a2d8a3258347b42f29bd,Abhinav Mishra,male,undergraduate
5e95da1aa3258347b42f29e6,Varsha,female,graduate
5e97ef3ea3258347b42f2b47,Elbassraoui Yassine,male,graduate
5e9828f2a3258347b42f2b71,Shraddha Handa,female,undergraduate
5e99b0d4a3258347b42f2bf0,Harsh Nigam,male,undergraduate
5e9a8013a3258347b42f2c29,Abhishank Gupta,male,undergraduate
5e9c146ba3258347b42f2cbd,Kirti Ranka,female,graduate
5ea3191210426255a7aa9aa2,Priya Ranjan,male,graduate
5ea3f6dc10426255a7aa9aff,Suhasi gupta,female,undergraduate
5ea43f7310426255a7aa9b1d,Apoorva Rana,undefined,undefined
5ea5ac4f10426255a7aa9b78,Rashi Rathi,female,undergraduate
5ea5af7110426255a7aa9b7c,tavisha,female,undergraduate
5ea5bf5110426255a7aa9b88,Akhila Kota,female,graduate
5ea6c05910426255a7aa9baa,Raghunath,male,graduate
5ea6c62410426255a7aa9bae,Nisha,female,graduate
5ea83e8810426255a7aa9bf2,Abhishek Kumar,male,undergraduate
5ea890e410426255a7aa9c16,Gretchen,undefined,undefined
5eaa137910426255a7aa9c41,Deep Patel,male,undergraduate
5eab903b10426255a7aa9c8e,Avimanyu Samanta,male,graduate
5eb2cad810426255a7aaa072,Ayush gupta,male,undergraduate
5eb4f73910426255a7aaa0cc,Apurba,male,graduate
5eb508ae10426255a7aaa12c,Jivintika Saini,female,undergraduate
5eb7aeccfd92f539c465ddd7,Isha,female,undergraduate
5ebc2ec4514aab59896bcc84,Sushil,male,undergraduate
5ebcf2f2514aab59896bcd00,Rahul Agarwal,male,graduate
5ec11abc74f7660d73aa0fbd,Chavi Maheshwari.,female,undergraduate
5ec2204374f7660d73aa100f,Shanya,female,undergraduate
5ec3ba5374f7660d73aa1201,Kushagra Sharma,male,undergraduate
5ec553e2f2781131cc7e5138,Yoshita,female,undergraduate
5ecb979eeaff6b0c3a58a4f0,Kanika Sharma,female,undergraduate
5ecd5a5c7023451e662235c1,Kshitij Alawandi,male,graduate
5ecdf7397023451e66223784,Deepak Kumar,male,undergraduate
5ece02427023451e66223861,Sahana B,female,undergraduate
5ecf6e6576027d35905cbeec,ashish,male,graduate
5ecfa94676027d35905cbf78,Dipak Jadhav,male,graduate
5ecfaa0076027d35905cbf83,Shailja Tripathi,female,graduate
5ecfbcb376027d35905cbfe5,Gouranga Jena,male,graduate
5ecfdaa976027d35905cc02c,Shreya maji,female,undergraduate
5ed09e8576027d35905cc164,Ankush Chavan,male,undergraduate
5ed0bfc176027d35905cc1f8,Harbind Singh,male,undergraduate
5ed0cfc676027d35905cc26a,Harishankar Dubey,male,graduate
5ed0d9bc76027d35905cc2c2,Mukesh Kumar mahto,male,graduate
5ed0defa76027d35905cc2de,Asif Hossain,male,undergraduate
5ed0dfec76027d35905cc2ec,Parth Praveen Deokar,male,graduate
5ed0fc0976027d35905cc448,RAGHUNATH DHANDAPANI,male,graduate
5ed12ae476027d35905cc4a1,Rajesha CT,male,graduate
5ed13bb076027d35905cc4ba,Saumik Satapathy,male,graduate
5ed142cd76027d35905cc4cd,Manish Nehra,male,undergraduate
5ed232b976027d35905cc689,Mohd Junaid Mansuri,male,graduate
5ed237ee76027d35905cc6c5,Mukesh,male,graduate
5ed2399b76027d35905cc70f,Neha,female,graduate
5ed24d5a76027d35905cc7d7,Saumya Singh,female,undergraduate
5ed2672576027d35905cc7f6,Arman Lalani,male,undergraduate
5ed2edf176027d35905cc961,BOBIL SINGH,male,graduate
5ed350ed76027d35905cca2c,RUSHIKESH CHAUDHARI,male,undergraduate
5ed35aa376027d35905cca67,Steve,male,graduate
5ed3737976027d35905ccaa2,Himanshu Singh,male,undergraduate
5ed3748576027d35905ccaab,Parth Vijay,male,undergraduate
5ed3cbcbbd514d602c1530a7,Abhishek Mishra,male,undergraduate
5ed3e898bd514d602c1530de,gauri raskar,female,graduate
